id,years_experience,education_level,skills_match_score,num_relevant_projects,certifications,communication_score,leadership_score,culture_fit_score,previous_salary_k,location_match,applied_before,num_interviews_passed,label
1,3,HS,0.97,0,0,2,1,4,68,0,0,0,Will Get Interview
2,2,HS,0.37,2,2,8,2,5,173,1,0,0,Best Match for Role
3,1,HS,0.71,0,1,1,6,5,62,0,0,0,Will Get Interview
4,10,PhD,0.99,3,1,2,1,10,135,0,1,0,Best Suited for Role
5,1,HS,0.05,4,0,2,6,1,79,0,1,2,Will Get Interview
6,0,HS,0.35,1,0,3,4,4,145,0,0,1,Will Get Interview
7,2,HS,0.41,3,1,2,5,3,168,0,0,0,Will Get Interview
8,9,Bachelor,0.43,12,5,7,2,9,85,0,1,3,Best Suited for Role
9,8,HS,0.2,1,0,9,1,2,194,0,0,0,Will Get Interview
10,1,HS,0.4,0,0,4,6,2,56,0,0,1,Will Get Interview
11,0,HS,0.4,2,0,1,2,2,160,1,1,0,Will Get Interview
12,4,HS,0.04,15,4,1,3,9,68,0,0,0,Best Match for Role
13,8,HS,0.26,2,2,1,1,4,142,0,0,0,Will Get Interview
14,2,HS,0.68,8,5,9,3,1,99,0,1,0,Best Match for Role
15,2,HS,0.71,0,1,2,6,1,87,0,0,0,Will Get Interview
16,3,HS,0.07,3,2,2,1,5,158,1,0,0,Will Get Interview
17,4,HS,0.19,2,4,7,3,1,174,0,0,0,Will Get Interview
18,12,HS,0.21,4,0,2,1,2,54,0,0,0,Will Get Interview
19,6,HS,0.05,2,2,6,1,5,141,0,0,0,Will Get Interview
20,0,HS,0.03,0,2,1,5,9,47,0,0,0,Will Get Interview
21,0,HS,0.24,1,0,2,5,3,139,0,1,0,Will Get Interview
22,5,HS,0.32,5,0,2,5,2,42,0,1,0,Will Get Interview
23,2,Master,0.06,7,0,1,5,2,86,0,1,1,Best Match for Role
24,1,HS,0.05,1,4,3,1,3,95,1,0,0,Will Get Interview
25,19,HS,0.08,2,1,3,2,4,126,0,1,2,Best Match for Role
26,6,HS,0.07,3,0,1,6,7,42,0,0,0,Will Get Interview
27,5,HS,0.03,0,1,5,7,3,103,0,1,1,Will Get Interview
28,0,HS,0.08,2,1,2,3,10,93,0,0,0,Will Get Interview
29,3,HS,0.41,1,3,5,4,1,196,0,0,0,Will Get Interview
30,10,HS,0.09,0,4,2,10,2,44,0,0,1,Best Match for Role
31,8,HS,0.13,1,5,2,8,3,89,0,1,0,Best Match for Role
32,0,Master,0.02,0,3,5,2,1,39,0,0,0,Will Get Interview
33,2,HS,0.49,1,0,1,1,7,159,0,0,0,Will Get Interview
34,1,Bachelor,0.06,2,1,2,3,5,114,0,0,0,Will Get Interview
35,3,HS,0.05,1,2,3,10,6,105,0,0,0,Will Get Interview
36,4,HS,0.02,2,0,2,3,2,92,1,1,1,Will Get Interview
37,7,HS,0.01,0,2,7,6,4,27,0,0,0,Will Get Interview
38,8,HS,0.18,3,0,3,5,3,142,0,0,0,Will Get Interview
39,1,HS,0.14,4,1,5,8,2,168,0,1,0,Will Get Interview
40,9,HS,0.42,7,1,6,1,4,106,0,0,0,Best Match for Role
41,3,HS,0.28,1,2,2,1,5,157,0,0,1,Will Get Interview
42,3,HS,0.15,1,0,2,1,4,143,0,0,2,Will Get Interview
43,1,HS,0.3,2,2,6,3,2,37,0,1,0,Will Get Interview
44,2,HS,0.53,2,0,3,6,2,80,0,1,0,Will Get Interview
45,15,Bachelor,0.8,1,1,5,10,2,197,1,1,4,Best Suited for Role
46,4,HS,0.01,3,1,5,1,1,108,1,1,0,Will Get Interview
47,3,HS,0.44,7,2,1,4,5,168,0,1,0,Best Match for Role
48,1,HS,0.1,2,2,3,5,8,83,0,0,0,Will Get Interview
49,6,HS,0.16,0,1,2,7,3,84,0,1,0,Will Get Interview
50,2,HS,0.45,1,3,3,4,3,54,0,1,0,Will Get Interview
51,12,Bachelor,0.17,8,1,3,3,1,156,0,0,1,Best Match for Role
52,2,HS,0.06,0,2,6,3,3,185,1,1,0,Will Get Interview
53,0,HS,0.07,4,1,5,10,1,39,0,0,1,Will Get Interview
54,1,HS,0.02,13,1,3,1,1,147,0,0,0,Will Get Interview
55,0,Bachelor,0.45,0,0,2,9,1,172,0,0,0,Will Get Interview
56,0,Bachelor,0.21,0,0,1,9,6,154,0,1,0,Will Get Interview
57,0,Bachelor,0.59,1,3,3,3,1,116,1,1,1,Best Match for Role
58,3,HS,0.35,10,1,1,10,2,97,0,1,2,Best Match for Role
59,1,HS,0.21,1,1,1,1,10,57,1,0,0,Will Get Interview
60,5,HS,0.06,0,3,7,10,1,72,0,0,0,Will Get Interview
61,1,Bachelor,0.2,1,2,6,8,2,125,0,1,3,Best Match for Role
62,0,PhD,0.41,0,1,3,8,2,36,0,0,0,Best Match for Role
63,0,HS,0.65,6,5,1,1,8,160,0,0,1,Best Match for Role
64,0,Bachelor,0.08,1,0,6,1,2,106,1,1,0,Will Get Interview
65,15,Bachelor,0.33,14,5,4,10,2,50,1,1,0,Best Suited for Role
66,1,HS,0.27,1,0,2,1,1,164,0,1,1,Will Get Interview
67,0,Bachelor,0.17,2,5,1,1,3,84,0,0,0,Will Get Interview
68,1,Bachelor,0.09,4,7,2,2,3,40,1,0,1,Best Match for Role
69,1,Bachelor,0.0,6,5,4,1,6,87,1,0,0,Best Match for Role
70,16,Master,0.52,1,7,3,2,8,165,0,0,3,Best Suited for Role
71,6,HS,0.05,4,4,7,2,4,106,0,1,1,Best Match for Role
72,6,HS,0.4,2,0,5,5,4,128,1,1,2,Best Match for Role
73,3,HS,0.47,0,0,6,3,4,129,0,1,0,Will Get Interview
74,3,HS,0.16,0,2,3,8,8,141,0,0,0,Will Get Interview
75,3,HS,0.03,3,3,5,1,7,147,0,0,0,Will Get Interview
76,2,HS,0.09,0,1,1,4,6,52,0,0,1,Will Get Interview
77,9,HS,0.19,1,1,6,3,2,187,0,0,0,Will Get Interview
78,0,HS,0.01,5,1,5,9,6,188,0,0,0,Will Get Interview
79,22,Bachelor,0.7,10,0,4,5,7,121,1,0,1,Best Suited for Role
80,8,HS,0.14,0,1,4,7,7,111,1,0,0,Best Match for Role
81,30,Master,0.07,4,2,4,10,4,153,0,0,1,Best Suited for Role
82,0,HS,0.05,0,5,5,1,6,68,0,0,1,Will Get Interview
83,7,HS,0.17,4,1,2,1,1,172,0,1,0,Will Get Interview
84,0,Bachelor,0.27,0,1,2,1,7,82,1,0,3,Best Match for Role
85,16,Bachelor,0.82,4,5,1,2,8,131,1,1,4,Best Suited for Role
86,1,HS,0.27,6,2,1,5,1,132,0,0,0,Will Get Interview
87,0,HS,0.14,3,4,5,2,2,73,0,0,1,Will Get Interview
88,0,HS,0.15,0,3,6,10,3,21,0,0,0,Will Get Interview
89,14,Master,0.42,2,6,10,2,5,91,0,1,0,Best Suited for Role
90,4,HS,0.13,2,1,9,3,1,192,0,1,0,Will Get Interview
91,6,HS,0.01,6,3,2,2,1,155,0,0,0,Will Get Interview
92,1,Bachelor,0.09,2,1,1,6,2,31,0,0,0,Will Get Interview
93,10,Bachelor,0.18,0,2,9,2,8,79,0,1,0,Best Match for Role
94,0,HS,0.23,7,0,1,2,6,104,0,1,0,Will Get Interview
95,1,HS,0.03,1,0,4,2,5,52,1,0,0,Will Get Interview
96,3,HS,0.98,2,2,8,2,2,108,0,1,4,Best Suited for Role
97,2,HS,0.13,3,0,9,4,2,169,0,0,0,Will Get Interview
98,3,Bachelor,0.26,10,1,2,2,4,81,0,0,0,Best Match for Role
99,4,HS,0.28,4,2,2,1,2,110,0,0,0,Will Get Interview
100,1,HS,0.26,1,1,3,5,3,89,0,1,0,Will Get Interview
101,3,HS,0.0,1,1,2,4,1,176,1,0,1,Will Get Interview
102,0,HS,0.26,5,1,1,9,1,145,0,1,0,Will Get Interview
103,9,HS,0.2,6,2,2,1,6,82,1,0,1,Best Match for Role
104,5,HS,0.04,0,1,9,1,3,50,0,0,0,Will Get Interview
105,23,HS,0.43,0,0,3,3,3,106,0,0,1,Best Match for Role
106,2,Bachelor,0.46,2,1,2,4,9,134,0,1,0,Best Match for Role
107,0,Bachelor,0.04,0,1,1,8,6,140,0,0,1,Will Get Interview
108,2,HS,0.0,3,2,6,10,2,59,0,1,0,Will Get Interview
109,5,HS,0.01,0,2,3,5,10,63,0,1,0,Will Get Interview
110,13,HS,0.08,6,2,5,4,4,52,0,1,4,Best Suited for Role
111,10,Bachelor,0.22,12,3,2,10,5,108,1,0,2,Best Suited for Role
112,0,HS,0.11,1,1,4,4,1,74,0,0,0,Will Get Interview
113,0,Bachelor,0.1,0,2,8,9,10,34,0,0,0,Best Match for Role
114,2,HS,0.1,0,2,5,2,5,98,0,1,1,Will Get Interview
115,7,Master,0.22,0,6,10,3,7,50,0,1,2,Best Suited for Role
116,0,Master,0.09,15,0,4,8,10,75,0,1,0,Best Suited for Role
117,2,HS,0.27,3,4,1,1,8,50,1,0,2,Best Match for Role
118,2,HS,0.08,4,2,1,5,7,158,0,0,0,Will Get Interview
119,5,Bachelor,0.26,2,0,2,4,1,27,0,0,1,Best Match for Role
120,2,Bachelor,0.38,4,4,8,1,4,163,0,1,0,Best Match for Role
121,0,HS,0.03,3,0,6,1,5,184,1,0,2,Best Match for Role
122,0,HS,0.21,2,3,1,1,3,177,0,1,1,Will Get Interview
123,4,HS,0.09,4,0,1,8,3,99,0,0,1,Will Get Interview
124,0,Master,0.4,2,1,7,6,7,113,0,1,4,Best Suited for Role
125,2,HS,0.31,0,1,1,8,2,65,0,1,1,Will Get Interview
126,2,HS,0.21,0,2,4,2,5,109,1,0,0,Will Get Interview
127,4,HS,0.1,3,0,4,5,5,22,0,1,0,Will Get Interview
128,3,HS,0.02,3,4,4,1,2,173,0,1,0,Will Get Interview
129,28,HS,0.07,0,0,4,1,9,21,0,1,0,Best Match for Role
130,13,HS,0.25,6,2,2,7,5,26,0,0,0,Best Match for Role
131,1,HS,0.41,4,2,9,1,6,49,0,0,1,Best Match for Role
132,8,Bachelor,0.13,0,0,1,10,1,45,0,0,0,Will Get Interview
133,12,HS,0.1,7,7,2,2,3,67,0,1,0,Best Match for Role
134,1,HS,0.01,2,1,9,9,4,178,0,0,0,Will Get Interview
135,6,HS,0.24,5,2,10,9,6,85,0,0,0,Best Match for Role
136,1,HS,0.22,7,0,2,9,1,24,0,1,0,Will Get Interview
137,3,HS,0.29,0,2,5,9,1,36,0,0,0,Will Get Interview
138,6,HS,0.12,3,1,1,4,6,194,0,1,0,Will Get Interview
139,3,HS,0.31,1,1,1,8,1,111,0,1,0,Will Get Interview
140,1,HS,0.4,4,5,5,1,2,200,0,1,1,Best Match for Role
141,0,HS,0.6,2,4,3,2,1,29,0,1,0,Will Get Interview
142,0,HS,0.48,2,0,4,7,1,197,0,1,0,Will Get Interview
143,4,HS,0.89,3,4,1,9,3,22,0,0,1,Best Match for Role
144,1,HS,0.04,2,2,9,1,1,117,0,1,1,Will Get Interview
145,5,HS,0.53,11,0,2,8,1,71,0,0,1,Best Match for Role
146,3,Bachelor,0.05,0,3,1,7,2,68,0,1,0,Will Get Interview
147,22,Master,0.92,0,1,9,3,7,87,0,0,3,Best Suited for Role
148,2,HS,0.2,1,1,7,5,1,157,0,1,0,Will Get Interview
149,24,HS,0.85,5,7,10,6,6,56,1,1,1,Best Suited for Role
150,1,HS,0.98,0,0,1,2,6,92,0,0,0,Will Get Interview
151,4,HS,0.03,6,3,2,2,2,162,0,0,0,Will Get Interview
152,3,HS,0.12,1,2,7,8,2,46,0,0,0,Will Get Interview
153,0,Bachelor,0.3,1,0,9,2,1,54,0,0,0,Will Get Interview
154,0,HS,0.41,4,1,1,3,8,129,0,1,0,Will Get Interview
155,2,Master,0.11,2,1,4,6,1,114,0,1,0,Best Match for Role
156,0,HS,0.45,3,5,2,1,1,153,0,1,0,Will Get Interview
157,1,HS,0.0,3,0,7,6,3,107,0,0,1,Will Get Interview
158,0,HS,0.42,3,0,4,3,7,160,0,1,0,Will Get Interview
159,2,HS,0.03,5,0,1,2,1,89,1,1,1,Will Get Interview
160,14,HS,0.05,5,0,9,1,3,95,0,0,2,Best Match for Role
161,0,Bachelor,0.72,10,8,4,9,5,143,1,1,4,Best Suited for Role
162,5,HS,0.75,4,0,1,1,1,58,0,0,0,Will Get Interview
163,22,HS,0.35,3,1,1,7,1,144,0,0,1,Best Match for Role
164,1,HS,0.33,11,1,5,1,5,65,0,0,1,Best Match for Role
165,7,HS,0.06,0,2,4,1,4,114,0,0,0,Will Get Interview
166,0,HS,0.32,5,2,3,9,2,113,0,0,0,Will Get Interview
167,1,Bachelor,0.54,3,4,1,10,3,186,0,1,0,Best Match for Role
168,4,HS,0.12,1,0,4,2,3,40,0,1,1,Will Get Interview
169,11,HS,0.94,11,8,3,9,10,20,1,0,0,Best Suited for Role
170,3,HS,0.61,1,0,3,1,1,95,1,0,0,Will Get Interview
171,0,HS,0.45,1,1,8,5,1,39,0,0,1,Best Match for Role
172,7,Bachelor,0.07,0,4,9,2,3,139,1,0,1,Best Match for Role
173,5,HS,0.18,1,2,3,2,4,116,0,1,0,Will Get Interview
174,4,Bachelor,0.3,6,1,5,4,7,74,0,0,1,Best Match for Role
175,3,HS,0.09,2,0,6,5,1,22,0,1,1,Will Get Interview
176,4,HS,0.07,3,0,2,9,1,187,1,1,0,Will Get Interview
177,2,HS,0.03,6,3,2,3,2,193,0,1,0,Will Get Interview
178,1,HS,0.96,0,1,1,1,6,46,0,0,0,Will Get Interview
179,0,HS,0.33,0,3,3,9,1,98,0,0,1,Will Get Interview
180,13,Bachelor,0.86,4,2,3,9,2,146,1,1,2,Best Suited for Role
181,4,Bachelor,0.19,8,3,1,1,3,105,0,1,2,Best Match for Role
182,0,HS,0.04,2,1,4,3,1,125,0,1,0,Will Get Interview
183,7,HS,0.02,0,7,3,3,6,35,1,1,0,Best Match for Role
184,3,HS,0.04,0,5,2,7,7,198,0,0,0,Will Get Interview
185,9,Bachelor,0.02,12,8,10,9,10,139,1,1,2,Best Suited for Role
186,25,Bachelor,0.42,15,3,10,2,10,128,0,1,0,Best Suited for Role
187,1,HS,0.04,0,4,3,4,2,149,0,1,0,Will Get Interview
188,17,PhD,0.33,3,6,4,1,2,173,0,1,3,Best Suited for Role
189,0,HS,0.97,0,4,9,5,3,138,0,1,1,Best Match for Role
190,2,HS,0.16,3,2,6,4,5,75,0,0,0,Will Get Interview
191,6,Bachelor,0.06,3,0,1,3,4,170,0,0,0,Will Get Interview
192,6,HS,0.41,1,0,1,5,1,22,0,1,0,Will Get Interview
193,3,HS,0.41,0,1,3,10,2,116,0,0,0,Will Get Interview
194,5,Bachelor,0.0,1,3,3,2,3,32,0,0,0,Will Get Interview
195,29,Bachelor,0.51,6,8,7,10,8,111,1,0,4,Best Suited for Role
196,1,HS,0.04,6,0,4,9,1,164,0,0,1,Will Get Interview
197,20,Master,0.59,14,8,2,4,3,27,1,1,2,Best Suited for Role
198,2,HS,0.68,1,1,2,4,2,103,0,1,0,Will Get Interview
199,8,HS,0.42,3,4,3,2,2,131,1,0,0,Best Match for Role
200,6,HS,0.4,12,3,1,3,1,200,1,1,0,Best Match for Role
201,1,Bachelor,0.0,0,5,3,2,1,115,0,0,0,Will Get Interview
202,1,HS,0.05,0,8,4,4,2,60,0,0,0,Will Get Interview
203,5,HS,0.05,0,1,8,2,1,187,0,0,1,Will Get Interview
204,3,Bachelor,0.11,0,1,1,9,3,43,1,1,3,Best Match for Role
205,0,HS,0.25,4,1,8,4,1,94,0,0,0,Will Get Interview
206,7,Bachelor,0.82,2,2,2,3,5,200,0,1,0,Best Match for Role
207,0,Bachelor,0.16,0,0,3,4,2,162,1,1,0,Will Get Interview
208,8,HS,0.33,1,0,3,3,3,52,0,0,0,Will Get Interview
209,16,Bachelor,0.57,1,4,6,10,3,40,1,0,4,Best Suited for Role
210,7,HS,0.9,2,3,9,9,4,108,0,1,3,Best Suited for Role
211,1,HS,0.08,0,4,5,1,3,188,1,1,0,Will Get Interview
212,11,Master,0.38,3,2,7,6,10,182,1,0,1,Best Suited for Role
213,1,HS,0.13,1,2,3,3,3,54,0,1,0,Will Get Interview
214,2,HS,0.2,2,2,6,7,3,188,0,0,0,Will Get Interview
215,2,HS,0.04,6,2,4,1,2,194,0,0,0,Will Get Interview
216,4,HS,0.16,1,2,4,8,1,126,0,0,0,Will Get Interview
217,1,HS,0.06,4,2,3,7,1,148,0,1,0,Will Get Interview
218,2,HS,0.34,0,6,3,4,2,70,0,0,2,Best Match for Role
219,1,HS,0.72,0,0,1,1,2,187,0,0,0,Will Get Interview
220,5,HS,0.0,0,0,2,8,5,63,0,1,0,Will Get Interview
221,4,HS,0.01,2,0,6,4,6,78,0,1,0,Will Get Interview
222,1,HS,0.41,0,3,1,7,7,161,0,0,0,Will Get Interview
223,11,HS,0.13,1,1,4,3,2,71,0,0,0,Will Get Interview
224,2,HS,0.26,0,0,4,9,8,22,0,0,0,Will Get Interview
225,2,HS,0.05,2,4,10,10,9,50,1,1,1,Best Suited for Role
226,5,HS,0.12,1,6,2,4,2,128,0,1,0,Will Get Interview
227,0,HS,0.13,1,5,1,4,6,99,0,1,0,Will Get Interview
228,7,HS,0.4,3,7,5,1,4,151,0,0,0,Best Match for Role
229,1,HS,0.11,0,2,4,7,1,34,0,0,2,Will Get Interview
230,5,HS,0.68,11,3,1,3,2,36,0,0,1,Best Match for Role
231,0,HS,0.11,0,6,2,8,5,167,0,1,0,Will Get Interview
232,1,HS,0.57,6,0,9,7,5,169,1,0,0,Best Match for Role
233,13,HS,0.48,1,2,9,4,3,171,0,1,0,Best Match for Role
234,7,HS,0.05,9,1,4,1,3,53,1,1,1,Best Match for Role
235,2,HS,0.07,0,5,4,2,2,175,0,1,0,Will Get Interview
236,6,Bachelor,0.29,7,1,1,3,1,196,1,0,0,Best Match for Role
237,0,PhD,0.92,15,5,10,4,10,60,1,0,3,Best Suited for Role
238,1,HS,0.25,10,1,1,4,2,179,0,0,0,Will Get Interview
239,1,HS,0.05,0,2,1,4,2,132,0,0,2,Will Get Interview
240,0,HS,0.72,0,1,1,9,1,198,0,0,0,Will Get Interview
241,3,HS,0.33,0,2,5,3,1,22,0,1,0,Will Get Interview
242,3,HS,0.5,7,0,7,5,10,71,0,0,1,Best Match for Role
243,4,Bachelor,0.08,0,7,8,4,5,101,0,0,0,Best Match for Role
244,7,HS,0.19,1,1,4,5,3,173,0,1,0,Will Get Interview
245,2,Bachelor,0.44,0,3,2,3,3,81,1,0,2,Best Match for Role
246,2,HS,0.53,1,0,3,1,4,150,1,0,0,Will Get Interview
247,1,HS,0.14,4,4,1,3,8,149,0,0,0,Will Get Interview
248,1,HS,0.1,0,3,7,4,3,186,0,1,2,Best Match for Role
249,5,HS,0.31,0,2,8,1,3,20,0,0,0,Will Get Interview
250,1,HS,0.18,1,0,2,5,2,192,0,0,1,Will Get Interview
251,1,HS,0.22,1,3,1,7,9,107,0,0,0,Will Get Interview
252,0,Bachelor,0.12,1,0,7,1,1,177,1,0,0,Will Get Interview
253,24,PhD,0.32,11,7,5,10,10,61,0,1,4,Best Suited for Role
254,0,HS,0.28,0,0,1,10,6,156,1,0,0,Will Get Interview
255,3,HS,0.13,1,1,1,10,4,189,0,0,1,Will Get Interview
256,2,HS,0.47,13,3,3,2,1,193,0,0,1,Best Match for Role
257,6,Bachelor,0.27,7,6,2,7,3,143,1,0,4,Best Suited for Role
258,1,HS,0.01,2,5,4,6,3,25,0,1,0,Will Get Interview
259,1,HS,0.3,2,0,1,6,4,136,1,0,0,Will Get Interview
260,2,HS,0.04,3,1,2,2,1,98,1,1,0,Will Get Interview
261,1,HS,0.03,4,4,4,9,1,179,0,0,0,Will Get Interview
262,15,HS,0.17,1,3,5,4,2,24,0,0,1,Best Match for Role
263,11,HS,0.11,0,3,8,1,1,183,0,1,2,Best Match for Role
264,0,HS,0.0,1,3,4,2,10,129,0,1,0,Will Get Interview
265,1,Bachelor,0.34,13,1,7,3,3,26,0,0,0,Best Match for Role
266,6,HS,0.37,2,6,8,6,8,89,0,0,2,Best Suited for Role
267,6,HS,0.05,6,0,4,2,5,150,0,0,0,Will Get Interview
268,0,HS,0.05,1,1,4,8,2,178,0,0,2,Will Get Interview
269,2,HS,0.05,0,6,1,3,6,38,0,1,0,Will Get Interview
270,11,Bachelor,0.08,1,1,1,2,7,21,0,1,0,Best Match for Role
271,0,HS,0.35,1,0,2,1,9,42,1,0,0,Will Get Interview
272,4,HS,0.05,2,2,3,7,1,29,0,0,1,Will Get Interview
273,4,Bachelor,0.55,4,3,3,1,4,46,0,0,1,Best Match for Role
274,1,HS,0.77,2,2,4,2,9,157,0,0,1,Best Match for Role
275,0,HS,0.12,0,0,5,3,9,67,1,0,0,Will Get Interview
276,0,Bachelor,0.76,5,0,9,1,6,122,0,1,0,Best Match for Role
277,0,HS,0.41,2,2,3,3,3,150,0,1,2,Best Match for Role
278,9,PhD,0.44,13,0,9,6,2,125,0,1,4,Best Suited for Role
279,4,HS,0.13,2,0,8,7,2,102,1,1,0,Best Match for Role
280,10,HS,0.96,6,4,1,3,1,173,0,1,0,Best Match for Role
281,26,Master,0.14,13,1,5,8,1,94,0,0,4,Best Suited for Role
282,11,Bachelor,0.16,1,0,5,2,6,86,0,1,1,Best Match for Role
283,7,HS,0.18,8,0,8,2,1,52,1,0,0,Best Match for Role
284,2,HS,0.17,13,1,5,6,1,100,0,0,0,Best Match for Role
285,2,HS,0.02,0,3,1,1,5,96,1,1,0,Will Get Interview
286,3,HS,0.03,4,1,9,3,4,66,0,0,0,Will Get Interview
287,1,HS,0.12,1,1,1,7,5,198,0,0,0,Will Get Interview
288,1,HS,0.06,6,0,5,2,2,22,1,0,0,Will Get Interview
289,3,HS,0.88,2,7,2,3,1,52,0,0,1,Best Match for Role
290,10,Bachelor,0.06,2,0,10,5,1,134,0,1,1,Best Match for Role
291,2,HS,0.28,8,2,1,1,3,199,0,0,0,Will Get Interview
292,5,Bachelor,0.13,5,7,2,5,7,54,1,1,1,Best Suited for Role
293,1,HS,0.08,8,0,3,1,2,31,0,1,0,Will Get Interview
294,3,HS,0.39,0,0,5,5,1,49,0,0,1,Will Get Interview
295,0,Bachelor,0.25,3,0,4,8,2,91,0,0,0,Will Get Interview
296,1,HS,0.22,2,1,1,9,3,31,0,1,1,Will Get Interview
297,1,HS,0.06,0,1,4,7,5,73,0,1,1,Will Get Interview
298,4,HS,0.25,2,1,1,3,4,115,0,0,0,Will Get Interview
299,29,PhD,0.11,1,0,3,6,10,90,0,1,3,Best Suited for Role
300,3,Bachelor,0.58,12,2,2,8,8,50,0,1,1,Best Suited for Role
301,2,HS,0.26,1,0,9,2,4,189,0,0,3,Best Match for Role
302,2,HS,0.42,4,1,5,4,2,155,0,0,0,Will Get Interview
303,9,HS,0.81,5,2,3,2,3,172,0,1,1,Best Match for Role
304,4,Master,0.08,2,5,3,7,4,61,0,0,0,Best Match for Role
305,25,HS,0.3,3,7,4,2,10,152,0,1,0,Best Suited for Role
306,2,HS,0.05,0,5,1,2,10,188,1,0,0,Best Match for Role
307,2,Master,0.16,2,0,5,9,1,181,1,0,4,Best Suited for Role
308,28,PhD,0.93,8,2,5,5,3,98,0,0,3,Best Suited for Role
309,7,HS,0.02,1,6,1,3,1,68,0,0,2,Best Match for Role
310,24,Master,0.73,9,2,7,10,10,135,0,0,1,Best Suited for Role
311,2,HS,0.27,0,0,10,10,1,140,0,0,0,Will Get Interview
312,1,HS,0.03,9,0,3,2,6,129,0,1,0,Will Get Interview
313,2,HS,0.05,1,4,5,3,7,28,0,1,0,Will Get Interview
314,2,HS,0.36,1,1,1,6,1,79,0,1,0,Will Get Interview
315,18,Master,0.31,7,8,2,9,9,58,1,1,1,Best Suited for Role
316,10,HS,0.25,0,1,5,2,1,158,0,0,0,Will Get Interview
317,1,HS,0.58,3,0,8,1,2,133,0,0,0,Will Get Interview
318,3,Bachelor,0.26,3,2,6,5,3,69,0,1,2,Best Match for Role
319,7,HS,0.36,1,1,1,9,1,89,0,1,0,Will Get Interview
320,8,HS,0.22,1,1,1,6,6,107,0,0,0,Will Get Interview
321,1,Bachelor,0.17,0,0,3,6,2,166,0,0,1,Will Get Interview
322,0,Master,0.3,6,0,4,7,4,53,1,0,0,Best Match for Role
323,3,Bachelor,0.68,13,0,4,3,1,100,0,0,0,Best Match for Role
324,4,HS,0.27,1,1,2,8,1,93,0,1,1,Will Get Interview
325,2,HS,0.06,8,0,7,6,2,96,0,0,0,Will Get Interview
326,0,HS,0.29,3,2,5,7,1,40,0,1,0,Will Get Interview
327,0,HS,0.22,0,2,3,1,1,145,1,0,0,Will Get Interview
328,11,HS,0.14,4,7,5,2,2,194,0,0,0,Best Match for Role
329,12,HS,0.55,7,0,7,7,3,127,0,0,0,Best Match for Role
330,0,HS,0.07,1,5,5,8,3,57,0,1,0,Will Get Interview
331,0,HS,0.25,0,4,5,9,4,110,0,0,0,Will Get Interview
332,3,HS,0.52,1,2,3,6,6,62,1,0,2,Best Match for Role
333,0,HS,0.13,2,3,3,5,8,106,1,0,0,Best Match for Role
334,11,HS,0.84,0,1,6,6,2,32,0,1,0,Best Match for Role
335,2,HS,0.4,0,0,2,7,9,137,0,1,0,Will Get Interview
336,1,Master,0.03,1,4,4,1,9,130,0,1,0,Best Match for Role
337,7,Bachelor,0.05,10,0,1,10,8,147,0,0,0,Best Match for Role
338,4,HS,0.12,5,0,5,1,2,114,0,0,1,Will Get Interview
339,1,HS,0.26,6,1,1,2,2,137,0,0,1,Will Get Interview
340,19,Master,0.02,15,7,5,8,6,163,0,1,3,Best Suited for Role
341,8,HS,0.85,5,1,1,1,4,86,0,1,0,Best Match for Role
342,9,Bachelor,0.22,6,3,1,2,8,115,0,1,0,Best Match for Role
343,1,HS,0.58,4,3,2,1,1,133,0,1,0,Will Get Interview
344,13,HS,0.04,0,1,3,5,3,110,0,1,0,Will Get Interview
345,0,HS,0.41,2,4,4,3,1,85,0,0,0,Will Get Interview
346,3,Bachelor,0.46,15,1,4,2,3,191,0,0,1,Best Suited for Role
347,2,HS,0.5,0,2,1,7,5,144,0,0,0,Will Get Interview
348,1,HS,0.02,1,0,1,8,3,151,0,0,1,Will Get Interview
349,8,HS,0.06,6,1,4,4,10,99,1,0,0,Best Match for Role
350,2,HS,0.23,1,0,4,1,2,34,0,1,1,Will Get Interview
351,1,HS,0.04,1,4,3,3,5,104,1,0,0,Will Get Interview
352,0,Master,0.09,2,0,3,8,7,116,0,0,1,Best Match for Role
353,7,HS,0.19,1,3,6,7,7,38,0,1,1,Best Match for Role
354,11,HS,0.4,3,3,2,9,1,68,0,0,1,Best Match for Role
355,2,HS,0.11,1,1,1,5,5,107,0,1,0,Will Get Interview
356,1,HS,0.05,5,0,3,5,3,112,0,0,0,Will Get Interview
357,10,HS,0.85,13,7,9,7,2,74,1,0,0,Best Suited for Role
358,4,HS,0.55,4,6,7,5,4,48,0,0,0,Best Match for Role
359,1,HS,0.08,6,1,7,3,3,150,0,0,0,Will Get Interview
360,25,Bachelor,0.28,0,1,10,4,3,191,1,0,3,Best Suited for Role
361,0,HS,0.19,7,0,1,2,3,190,0,1,0,Will Get Interview
362,5,HS,0.31,0,1,5,7,9,198,1,0,0,Best Match for Role
363,2,HS,0.41,0,7,1,5,2,160,0,0,3,Best Match for Role
364,1,HS,0.22,10,1,5,1,3,199,0,1,4,Best Suited for Role
365,6,HS,0.22,2,5,1,9,8,59,0,0,2,Best Match for Role
366,1,HS,0.4,2,0,4,5,1,162,0,1,1,Will Get Interview
367,3,HS,0.08,3,4,3,5,7,65,1,0,0,Best Match for Role
368,4,HS,0.72,10,1,2,1,10,153,1,1,2,Best Suited for Role
369,0,HS,0.06,2,7,9,2,1,134,0,0,0,Will Get Interview
370,3,HS,0.38,2,1,2,3,2,198,0,0,0,Will Get Interview
371,0,HS,0.31,4,4,2,1,5,177,0,1,0,Will Get Interview
372,2,HS,0.13,1,0,1,1,10,139,1,1,0,Will Get Interview
373,7,Bachelor,0.02,0,4,2,2,1,179,0,0,0,Will Get Interview
374,3,HS,0.04,0,7,1,1,6,179,0,1,0,Will Get Interview
375,5,HS,0.05,0,3,3,7,3,191,0,0,1,Will Get Interview
376,6,HS,0.02,0,4,2,10,1,64,0,0,0,Will Get Interview
377,28,PhD,0.33,13,4,10,5,8,22,0,1,1,Best Suited for Role
378,2,HS,0.29,4,0,4,2,9,188,0,0,0,Will Get Interview
379,1,HS,0.71,0,1,2,10,2,141,0,0,0,Will Get Interview
380,3,HS,0.19,9,4,3,9,3,44,0,0,1,Best Match for Role
381,5,Bachelor,0.44,0,2,5,7,5,54,1,1,0,Best Match for Role
382,23,Master,0.2,8,5,3,9,4,70,0,1,0,Best Suited for Role
383,27,Bachelor,0.44,14,8,2,10,2,180,1,0,2,Best Suited for Role
384,2,Bachelor,0.31,4,2,10,5,2,70,0,1,1,Best Match for Role
385,4,HS,0.53,1,3,9,7,1,81,0,1,0,Best Match for Role
386,21,Bachelor,0.55,11,8,1,9,2,27,1,0,4,Best Suited for Role
387,1,Bachelor,0.07,4,1,3,1,4,175,0,0,0,Will Get Interview
388,3,HS,0.02,0,1,7,3,1,38,0,0,1,Will Get Interview
389,3,Bachelor,0.12,0,2,2,2,5,119,0,0,0,Will Get Interview
390,6,HS,0.09,0,2,1,3,1,149,0,1,0,Will Get Interview
391,0,Bachelor,0.17,0,0,3,2,2,79,1,0,0,Will Get Interview
392,3,HS,0.38,2,0,1,4,5,165,0,0,1,Will Get Interview
393,1,HS,0.71,1,1,2,3,4,35,0,0,0,Will Get Interview
394,3,HS,0.07,2,0,4,4,2,157,0,1,0,Will Get Interview
395,2,HS,0.04,6,2,6,3,7,193,0,1,2,Best Match for Role
396,8,HS,0.48,1,2,4,5,9,96,0,1,1,Best Match for Role
397,0,HS,0.54,5,0,6,2,3,187,0,0,0,Will Get Interview
398,0,HS,0.16,2,0,7,1,10,168,0,0,0,Will Get Interview
399,5,Bachelor,0.59,1,0,4,4,2,151,1,0,1,Best Match for Role
400,5,Master,0.28,1,1,1,3,2,100,0,1,2,Best Match for Role
401,2,Bachelor,0.07,0,1,1,4,2,152,0,0,1,Will Get Interview
402,0,HS,0.96,0,1,1,10,6,82,1,0,0,Best Match for Role
403,6,HS,0.35,1,6,4,2,10,116,0,0,2,Best Suited for Role
404,5,HS,0.09,13,4,5,2,8,142,0,0,0,Best Match for Role
405,26,PhD,0.16,10,2,5,4,3,88,0,0,0,Best Suited for Role
406,15,HS,0.22,2,6,1,9,1,152,0,1,1,Best Match for Role
407,11,Bachelor,0.19,0,0,9,6,1,182,0,0,0,Best Match for Role
408,7,Bachelor,0.08,5,3,2,3,5,192,1,1,0,Best Match for Role
409,1,HS,0.09,6,1,5,10,2,195,0,0,0,Will Get Interview
410,1,HS,0.39,1,0,3,5,7,196,0,1,0,Will Get Interview
411,2,HS,0.35,5,0,5,6,1,122,0,0,0,Will Get Interview
412,3,HS,0.06,1,4,1,3,5,126,0,1,0,Will Get Interview
413,1,HS,0.39,3,2,1,4,8,68,0,0,0,Will Get Interview
414,2,PhD,0.0,0,0,2,6,1,171,0,1,1,Best Match for Role
415,23,HS,0.52,9,1,6,3,5,200,1,0,1,Best Suited for Role
416,5,Bachelor,0.11,2,2,4,1,2,113,0,0,0,Will Get Interview
417,2,Bachelor,0.05,5,0,1,5,8,150,1,1,1,Best Match for Role
418,21,Master,0.44,3,3,6,9,3,101,1,1,3,Best Suited for Role
419,4,Master,0.59,8,6,8,3,10,172,1,1,3,Best Suited for Role
420,5,HS,0.21,0,1,1,4,3,141,0,0,1,Will Get Interview
421,3,HS,0.03,0,1,2,4,10,120,0,0,0,Will Get Interview
422,2,HS,0.09,2,0,10,8,3,40,0,0,0,Will Get Interview
423,7,HS,0.14,7,0,1,3,1,182,0,0,0,Will Get Interview
424,15,Bachelor,0.22,0,1,4,4,3,79,0,1,1,Best Match for Role
425,1,Bachelor,0.17,1,5,4,2,6,156,1,1,0,Best Match for Role
426,6,HS,0.09,3,3,1,7,2,125,0,0,0,Will Get Interview
427,19,HS,0.71,8,3,7,6,7,174,0,0,3,Best Suited for Role
428,2,PhD,0.26,4,1,2,2,1,130,1,0,0,Best Match for Role
429,2,Bachelor,0.27,5,3,7,7,1,129,1,0,0,Best Match for Role
430,5,HS,0.27,3,1,5,2,5,30,0,0,0,Will Get Interview
431,6,Bachelor,0.09,1,7,5,10,1,198,0,0,1,Best Match for Role
432,2,Bachelor,0.57,10,1,7,6,9,156,1,0,3,Best Suited for Role
433,4,HS,0.14,0,1,2,1,2,122,1,1,1,Will Get Interview
434,6,HS,0.04,7,5,1,6,10,198,1,0,0,Best Match for Role
435,0,Bachelor,0.02,6,1,1,3,3,51,0,1,0,Will Get Interview
436,2,HS,0.12,4,1,3,1,2,131,0,0,2,Will Get Interview
437,10,Bachelor,0.11,0,0,1,2,3,109,0,1,0,Will Get Interview
438,2,HS,0.2,2,7,9,7,1,148,1,1,0,Best Match for Role
439,1,HS,0.14,3,3,3,3,4,91,0,1,0,Will Get Interview
440,0,HS,0.47,6,4,1,4,4,46,0,0,1,Best Match for Role
441,4,HS,0.15,0,2,1,7,2,24,0,1,1,Will Get Interview
442,1,PhD,0.7,0,7,8,10,8,40,0,1,1,Best Suited for Role
443,2,HS,0.08,6,1,4,4,2,175,0,1,0,Will Get Interview
444,25,Master,0.07,2,8,2,9,4,31,1,1,0,Best Suited for Role
445,19,Bachelor,0.33,0,2,6,1,3,165,0,0,0,Best Match for Role
446,6,Bachelor,0.76,0,2,2,1,6,103,1,0,0,Best Match for Role
447,0,HS,0.19,10,0,7,2,1,87,0,0,0,Will Get Interview
448,8,HS,0.13,1,0,1,9,6,37,0,0,0,Will Get Interview
449,12,Master,0.96,12,8,7,9,9,143,1,1,0,Best Suited for Role
450,9,HS,0.86,2,2,8,3,3,57,0,0,0,Best Match for Role
451,0,Master,0.05,3,0,3,4,8,128,1,0,0,Best Match for Role
452,7,HS,0.13,0,2,3,4,4,119,0,1,0,Will Get Interview
453,15,Bachelor,0.13,3,1,9,9,2,141,0,0,0,Best Match for Role
454,8,HS,0.18,1,0,1,7,3,162,0,0,0,Will Get Interview
455,1,Master,0.69,1,1,6,1,1,120,1,0,0,Best Match for Role
456,22,Master,0.62,1,7,10,1,10,154,0,1,2,Best Suited for Role
457,1,HS,0.63,0,1,2,2,6,103,0,0,0,Will Get Interview
458,2,HS,0.15,3,0,5,2,2,57,1,0,0,Will Get Interview
459,2,Bachelor,0.06,7,1,8,6,5,66,0,1,1,Best Match for Role
460,2,HS,0.02,0,6,5,4,3,146,0,0,0,Will Get Interview
461,2,HS,0.22,6,1,6,1,3,110,0,0,0,Will Get Interview
462,11,PhD,0.53,4,7,1,5,7,78,1,1,0,Best Suited for Role
463,6,HS,0.06,1,1,6,2,2,192,1,0,1,Best Match for Role
464,8,HS,0.11,1,3,8,1,1,184,0,0,0,Will Get Interview
465,0,HS,0.42,1,1,10,1,4,200,0,1,0,Will Get Interview
466,3,HS,0.04,5,0,6,6,4,46,0,0,0,Will Get Interview
467,26,HS,0.12,5,7,7,5,5,40,0,0,3,Best Suited for Role
468,7,HS,0.03,3,0,1,1,2,157,0,1,1,Will Get Interview
469,3,HS,0.17,1,1,2,9,3,82,0,0,1,Will Get Interview
470,0,HS,0.09,0,6,4,8,2,55,1,0,0,Best Match for Role
471,2,HS,0.34,5,7,3,8,7,120,0,0,1,Best Match for Role
472,0,HS,0.18,0,1,4,4,3,194,1,0,0,Will Get Interview
473,2,HS,0.64,3,1,1,2,4,187,0,1,0,Will Get Interview
474,3,HS,0.38,0,1,3,2,1,157,1,1,0,Will Get Interview
475,3,HS,0.15,11,2,1,9,2,21,0,1,1,Best Match for Role
476,3,HS,0.15,5,0,4,5,5,93,0,1,0,Will Get Interview
477,3,HS,0.03,0,1,3,7,5,26,0,1,0,Will Get Interview
478,2,HS,0.11,1,4,2,2,1,116,1,1,0,Will Get Interview
479,6,Master,0.21,1,2,2,1,3,145,0,1,0,Best Match for Role
480,16,PhD,0.4,1,4,1,10,7,200,1,1,3,Best Suited for Role
481,5,HS,0.05,2,0,2,2,4,160,0,0,0,Will Get Interview
482,8,HS,0.03,1,1,5,1,6,110,0,0,0,Will Get Interview
483,9,HS,0.75,3,0,6,10,1,113,0,1,1,Best Match for Role
484,4,HS,0.2,0,1,6,3,7,99,0,0,0,Will Get Interview
485,14,HS,0.19,9,3,3,4,3,143,0,0,0,Best Match for Role
486,3,HS,0.23,3,4,1,1,4,119,0,0,0,Will Get Interview
487,0,HS,0.03,1,0,3,6,1,61,1,1,0,Will Get Interview
488,11,Master,0.46,1,1,8,8,4,190,1,1,4,Best Suited for Role
489,0,HS,0.37,1,3,7,6,1,173,0,0,0,Will Get Interview
490,6,HS,0.52,1,3,4,7,5,181,0,0,2,Best Match for Role
491,7,Bachelor,0.11,7,3,1,2,6,114,1,1,0,Best Match for Role
492,8,HS,0.24,1,0,2,7,5,197,1,1,1,Best Match for Role
493,3,Master,0.09,5,8,8,1,7,78,0,0,4,Best Suited for Role
494,7,HS,0.19,1,3,1,1,6,37,0,0,0,Will Get Interview
495,0,HS,0.37,2,0,8,6,1,110,1,1,2,Best Match for Role
496,0,HS,0.49,0,1,6,8,5,158,0,0,0,Will Get Interview
497,8,HS,0.76,1,3,1,9,3,62,0,1,1,Best Match for Role
498,0,HS,0.65,4,4,9,2,6,80,0,1,0,Best Match for Role
499,2,HS,0.2,4,4,1,6,2,170,0,0,0,Will Get Interview
500,30,Bachelor,0.23,1,8,9,7,4,146,1,1,4,Best Suited for Role
501,1,HS,0.07,2,3,8,9,1,124,0,1,0,Will Get Interview
502,0,Bachelor,0.0,9,0,4,2,2,82,0,0,0,Will Get Interview
503,3,HS,0.37,2,1,1,3,2,178,0,1,0,Will Get Interview
504,3,HS,0.48,0,2,5,2,5,41,0,0,0,Will Get Interview
505,3,HS,0.24,2,0,1,1,7,95,0,0,0,Will Get Interview
506,15,HS,0.04,6,3,2,4,6,186,0,1,0,Best Match for Role
507,6,HS,0.04,4,3,4,1,1,195,0,0,0,Will Get Interview
508,14,HS,0.84,7,7,4,9,8,160,1,0,0,Best Suited for Role
509,2,HS,0.57,0,6,10,10,3,79,0,1,0,Best Match for Role
510,7,HS,0.39,1,1,3,6,3,143,0,0,0,Will Get Interview
511,1,HS,0.1,0,2,9,4,2,141,0,1,0,Will Get Interview
512,1,HS,0.16,1,0,9,4,9,151,0,0,0,Will Get Interview
513,2,Bachelor,0.14,2,1,8,9,10,166,1,0,0,Best Match for Role
514,1,HS,0.19,2,5,4,5,2,154,0,0,0,Will Get Interview
515,2,HS,0.18,1,1,5,9,3,33,0,0,0,Will Get Interview
516,27,PhD,0.66,11,2,5,8,8,94,0,0,0,Best Suited for Role
517,4,Master,0.98,13,7,4,1,4,180,0,1,2,Best Suited for Role
518,5,HS,0.35,0,3,1,3,5,190,0,1,0,Will Get Interview
519,4,Bachelor,0.07,0,5,3,9,5,27,0,1,0,Best Match for Role
520,18,Bachelor,0.55,6,4,7,7,10,41,0,0,4,Best Suited for Role
521,1,HS,0.01,1,5,2,5,8,96,0,0,0,Will Get Interview
522,3,HS,0.15,1,5,4,1,2,153,0,0,0,Will Get Interview
523,21,PhD,0.52,6,6,4,4,2,99,0,1,2,Best Suited for Role
524,9,HS,0.44,1,0,1,7,3,52,0,0,0,Will Get Interview
525,3,HS,0.09,2,3,1,10,2,56,0,1,0,Will Get Interview
526,4,HS,0.81,1,5,1,5,10,114,0,0,1,Best Match for Role
527,3,HS,0.0,4,7,3,2,2,20,0,0,0,Will Get Interview
528,9,HS,0.75,2,1,4,2,4,130,0,0,1,Best Match for Role
529,1,HS,0.08,1,1,4,2,2,91,1,1,0,Will Get Interview
530,2,HS,0.07,2,0,2,3,3,106,0,0,2,Will Get Interview
531,2,HS,0.15,7,0,5,3,2,67,0,1,0,Will Get Interview
532,1,HS,0.49,0,6,2,1,3,37,0,0,0,Will Get Interview
533,6,Master,0.59,2,3,1,9,4,156,1,1,0,Best Suited for Role
534,1,HS,0.01,4,0,5,6,4,111,0,1,1,Will Get Interview
535,0,HS,0.63,1,0,2,2,3,49,0,0,1,Will Get Interview
536,2,Bachelor,0.17,1,1,6,3,2,95,0,1,0,Will Get Interview
537,5,HS,0.03,3,1,4,2,2,119,0,1,0,Will Get Interview
538,22,PhD,0.51,13,5,1,10,7,150,0,1,4,Best Suited for Role
539,12,Bachelor,0.04,3,0,9,2,5,192,1,0,0,Best Match for Role
540,3,HS,0.49,6,2,3,1,2,199,0,0,1,Best Match for Role
541,2,HS,0.04,3,2,1,3,2,50,0,0,0,Will Get Interview
542,0,HS,0.22,7,2,5,10,5,54,0,0,0,Best Match for Role
543,9,Master,0.16,0,1,9,2,1,191,1,1,0,Best Match for Role
544,2,HS,0.61,2,0,2,1,8,52,0,0,0,Will Get Interview
545,22,HS,0.03,0,3,7,5,1,128,0,0,1,Best Match for Role
546,5,Master,0.83,11,6,7,9,5,114,1,0,2,Best Suited for Role
547,17,HS,0.15,3,2,2,9,2,134,1,0,0,Best Match for Role
548,4,HS,0.6,6,0,1,3,1,76,0,0,0,Will Get Interview
549,0,HS,0.1,2,3,8,1,3,131,0,0,1,Will Get Interview
550,5,Bachelor,0.68,1,5,3,1,8,195,1,0,4,Best Suited for Role
551,1,Bachelor,0.48,1,1,3,8,3,87,0,1,2,Best Match for Role
552,3,HS,0.35,0,1,7,10,1,192,0,0,0,Will Get Interview
553,12,HS,0.11,0,5,2,4,5,73,0,0,2,Best Match for Role
554,0,HS,0.14,3,4,5,1,3,60,1,0,3,Best Match for Role
555,2,HS,0.06,8,7,3,7,7,142,0,0,0,Best Match for Role
556,2,HS,0.12,1,1,4,6,4,142,0,0,0,Will Get Interview
557,4,Bachelor,0.12,6,3,3,3,2,148,1,1,0,Best Match for Role
558,19,Bachelor,0.48,8,3,6,4,5,190,1,0,1,Best Suited for Role
559,1,HS,0.04,5,3,5,6,3,145,0,0,0,Will Get Interview
560,1,HS,0.09,3,0,3,4,3,68,0,0,2,Will Get Interview
561,14,Master,0.62,12,6,1,1,6,183,0,0,3,Best Suited for Role
562,1,HS,0.61,2,1,2,1,6,46,0,1,0,Will Get Interview
563,1,HS,0.04,8,0,2,3,6,115,0,1,0,Will Get Interview
564,4,Bachelor,0.01,0,1,2,3,7,57,0,0,0,Will Get Interview
565,3,HS,0.42,2,0,2,1,2,37,0,1,1,Will Get Interview
566,2,HS,0.38,2,0,4,2,1,125,1,0,0,Will Get Interview
567,25,PhD,0.68,8,0,8,6,3,122,0,0,0,Best Suited for Role
568,1,HS,0.26,2,1,7,8,2,70,0,1,0,Will Get Interview
569,3,HS,0.04,0,0,10,1,3,68,0,0,1,Will Get Interview
570,9,HS,0.49,7,0,6,7,4,25,0,1,0,Best Match for Role
571,0,HS,0.66,10,0,6,7,4,93,1,0,0,Best Match for Role
572,3,HS,0.64,5,2,2,8,3,188,1,0,1,Best Match for Role
573,8,HS,0.31,3,3,10,10,10,81,0,1,1,Best Suited for Role
574,16,HS,0.33,0,3,6,4,7,65,0,0,0,Best Match for Role
575,10,PhD,0.06,12,5,7,10,9,48,1,0,1,Best Suited for Role
576,0,HS,0.06,8,3,2,1,2,151,0,0,0,Will Get Interview
577,0,HS,0.25,1,4,5,4,5,149,0,0,0,Will Get Interview
578,4,HS,0.96,5,1,5,6,2,40,0,1,0,Best Match for Role
579,2,HS,0.11,5,1,5,3,5,120,0,1,0,Will Get Interview
580,0,HS,0.06,5,1,3,2,5,162,0,1,1,Will Get Interview
581,7,HS,0.26,2,0,1,5,3,66,0,1,0,Will Get Interview
582,2,HS,0.12,0,0,1,6,9,45,1,1,0,Will Get Interview
583,5,Bachelor,0.3,3,5,5,7,4,38,0,1,0,Best Match for Role
584,16,HS,0.13,6,0,1,4,3,63,1,0,0,Best Match for Role
585,6,HS,0.3,1,0,4,6,3,83,0,0,0,Will Get Interview
586,3,HS,0.06,0,6,1,2,5,85,0,0,1,Will Get Interview
587,0,HS,0.15,0,2,4,6,4,190,0,1,0,Will Get Interview
588,5,HS,0.07,0,2,5,7,6,42,0,0,0,Will Get Interview
589,4,HS,0.02,8,0,1,4,5,134,0,1,0,Will Get Interview
590,3,HS,0.56,0,3,1,3,2,184,1,1,0,Best Match for Role
591,2,HS,0.4,6,6,5,9,5,113,0,1,0,Best Match for Role
592,0,Master,0.23,8,1,4,1,2,143,0,0,0,Best Match for Role
593,5,HS,0.01,2,0,6,3,5,45,0,0,1,Will Get Interview
594,19,Bachelor,0.56,1,3,7,1,5,20,1,1,1,Best Suited for Role
595,3,Bachelor,0.43,0,5,6,7,6,64,0,1,0,Best Match for Role
596,4,HS,0.32,3,1,10,1,5,169,0,0,0,Best Match for Role
597,1,Bachelor,0.13,3,0,4,4,4,120,0,0,0,Will Get Interview
598,3,HS,0.28,12,0,2,3,8,143,1,0,0,Best Match for Role
599,5,HS,0.01,4,0,5,9,2,41,0,0,0,Will Get Interview
600,0,Bachelor,0.03,2,2,4,7,3,24,0,1,0,Will Get Interview
601,2,HS,0.12,0,2,9,2,2,104,0,0,1,Will Get Interview
602,15,PhD,0.16,0,0,5,5,5,128,0,1,2,Best Suited for Role
603,1,Bachelor,0.13,3,0,3,1,6,75,0,1,0,Will Get Interview
604,7,HS,0.02,0,6,7,8,1,39,1,1,0,Best Match for Role
605,2,HS,0.05,1,1,6,9,10,99,1,1,1,Best Match for Role
606,6,HS,0.18,7,0,3,3,1,85,0,1,0,Will Get Interview
607,5,HS,0.03,7,0,4,6,1,106,0,0,3,Best Match for Role
608,1,Bachelor,0.14,1,0,4,8,3,132,0,1,0,Will Get Interview
609,1,HS,0.21,4,2,5,8,1,178,0,1,0,Will Get Interview
610,2,HS,0.03,6,3,2,3,2,88,0,0,0,Will Get Interview
611,9,HS,0.58,6,1,5,3,3,102,0,1,1,Best Match for Role
612,1,Bachelor,0.3,0,1,6,9,10,155,0,0,1,Best Match for Role
613,8,HS,0.11,0,2,5,5,1,103,0,1,0,Will Get Interview
614,1,HS,0.48,3,2,3,7,1,103,0,0,0,Will Get Interview
615,0,HS,0.29,2,0,9,3,1,125,0,1,1,Will Get Interview
616,2,HS,0.26,1,3,6,7,2,32,0,0,0,Will Get Interview
617,4,HS,0.21,5,0,2,1,7,161,0,1,0,Will Get Interview
618,3,HS,0.02,0,4,3,1,3,148,0,1,1,Will Get Interview
619,10,HS,0.06,4,0,3,2,5,146,0,0,0,Will Get Interview
620,1,HS,0.48,0,1,3,2,2,60,1,0,0,Will Get Interview
621,27,Master,0.78,0,1,4,5,8,146,1,0,2,Best Suited for Role
622,1,HS,0.02,1,1,3,5,6,87,1,0,0,Will Get Interview
623,1,HS,0.37,3,2,5,5,1,47,0,0,0,Will Get Interview
624,0,HS,0.14,3,3,3,4,5,120,0,1,0,Will Get Interview
625,14,Bachelor,0.83,4,8,8,4,4,151,1,1,3,Best Suited for Role
626,11,HS,0.35,1,1,10,5,5,103,0,0,1,Best Match for Role
627,6,HS,0.15,2,0,4,1,6,179,0,0,0,Will Get Interview
628,16,HS,0.02,3,5,7,10,6,40,0,0,4,Best Suited for Role
629,25,Bachelor,0.99,7,7,6,10,4,174,0,0,4,Best Suited for Role
630,1,HS,0.1,4,1,5,1,3,152,1,0,3,Best Match for Role
631,2,HS,0.0,0,1,1,6,4,108,0,0,3,Best Match for Role
632,11,HS,0.78,1,0,5,2,2,77,1,0,0,Best Match for Role
633,2,HS,0.36,14,5,1,4,1,65,1,0,0,Best Match for Role
634,1,HS,0.36,3,1,3,4,3,43,0,1,0,Will Get Interview
635,19,HS,0.33,7,8,3,9,6,36,0,1,0,Best Suited for Role
636,1,HS,0.16,3,3,1,2,2,51,1,1,0,Will Get Interview
637,7,HS,0.11,5,2,1,2,2,191,0,1,0,Will Get Interview
638,5,HS,0.17,0,0,3,2,1,44,0,1,2,Will Get Interview
639,23,PhD,0.3,5,4,4,9,3,87,1,0,1,Best Suited for Role
640,25,Bachelor,0.51,15,0,1,1,5,161,0,1,4,Best Suited for Role
641,0,HS,0.27,4,0,4,4,3,121,0,1,1,Will Get Interview
642,16,Bachelor,0.16,14,1,4,1,3,95,1,1,0,Best Suited for Role
643,0,HS,0.4,0,2,4,10,1,41,0,0,0,Will Get Interview
644,2,Bachelor,0.05,5,6,8,4,1,53,0,1,1,Best Match for Role
645,1,HS,0.06,5,2,10,1,3,169,0,0,0,Will Get Interview
646,15,Bachelor,0.53,13,0,6,9,1,94,1,0,2,Best Suited for Role
647,16,HS,0.11,2,5,2,3,8,86,0,0,1,Best Match for Role
648,11,PhD,0.84,13,6,2,6,7,91,1,0,3,Best Suited for Role
649,2,HS,0.03,2,0,5,6,6,162,0,1,0,Will Get Interview
650,0,HS,0.29,0,0,2,7,2,169,1,0,1,Will Get Interview
651,0,HS,0.29,4,1,1,1,7,167,0,0,1,Will Get Interview
652,22,Bachelor,0.11,5,7,6,4,5,147,1,1,3,Best Suited for Role
653,8,Bachelor,0.6,12,0,4,4,2,67,0,0,0,Best Suited for Role
654,3,HS,0.2,0,5,6,5,1,154,0,0,0,Will Get Interview
655,15,HS,0.33,1,1,1,2,6,122,0,1,0,Best Match for Role
656,11,HS,0.75,1,1,1,6,2,160,1,0,0,Best Match for Role
657,6,HS,0.06,0,0,5,4,3,102,1,1,0,Will Get Interview
658,3,HS,0.09,0,1,2,8,4,85,0,1,0,Will Get Interview
659,13,HS,0.08,2,7,3,6,9,61,0,0,0,Best Match for Role
660,3,HS,0.08,2,1,1,7,6,197,0,1,0,Will Get Interview
661,0,HS,0.06,4,1,2,3,1,52,0,0,1,Will Get Interview
662,1,HS,0.03,3,1,2,7,7,73,0,0,1,Will Get Interview
663,0,HS,0.07,6,1,1,6,6,52,0,1,0,Will Get Interview
664,0,HS,0.29,1,1,1,1,3,43,1,1,0,Will Get Interview
665,7,HS,0.17,3,1,2,2,5,178,0,1,0,Will Get Interview
666,0,HS,0.39,2,7,2,1,1,132,0,0,0,Will Get Interview
667,23,HS,0.41,12,2,2,7,10,142,1,1,4,Best Suited for Role
668,0,HS,0.21,3,2,1,1,2,108,0,0,2,Will Get Interview
669,4,HS,0.13,2,0,1,2,3,99,1,1,0,Will Get Interview
670,15,HS,0.42,2,3,8,1,3,95,0,1,0,Best Match for Role
671,8,HS,0.3,2,1,8,6,2,108,0,0,1,Best Match for Role
672,9,HS,0.3,4,2,3,2,4,91,0,0,3,Best Match for Role
673,7,Bachelor,0.6,0,8,2,2,4,91,0,0,0,Best Match for Role
674,7,Bachelor,0.1,4,2,6,4,5,141,0,0,1,Best Match for Role
675,2,Master,0.27,2,2,9,9,10,97,0,0,3,Best Suited for Role
676,0,HS,0.68,0,0,6,3,4,159,0,0,0,Will Get Interview
677,19,HS,0.39,2,0,5,3,1,121,0,0,0,Best Match for Role
678,15,HS,0.09,7,3,3,3,3,95,0,0,1,Best Match for Role
679,6,HS,0.08,2,1,1,2,2,137,1,0,0,Will Get Interview
680,0,HS,0.29,2,6,3,1,5,193,0,0,0,Will Get Interview
681,3,Master,0.52,3,0,4,1,8,134,0,0,1,Best Match for Role
682,1,HS,0.41,1,1,1,8,4,27,0,0,0,Will Get Interview
683,4,HS,0.01,0,0,3,10,7,55,0,1,0,Will Get Interview
684,3,HS,0.43,0,1,1,6,4,21,0,0,0,Will Get Interview
685,5,HS,0.26,1,1,1,1,2,176,0,0,2,Will Get Interview
686,6,Bachelor,0.17,1,1,1,3,7,160,0,0,3,Best Match for Role
687,1,HS,0.08,9,2,5,4,1,146,0,0,0,Will Get Interview
688,4,HS,0.47,13,5,2,5,3,183,0,0,0,Best Match for Role
689,25,Master,0.26,5,0,2,1,2,99,0,1,4,Best Suited for Role
690,0,HS,0.15,3,2,4,3,6,60,0,0,0,Will Get Interview
691,2,PhD,0.09,0,0,1,1,1,42,0,0,0,Will Get Interview
692,9,HS,0.39,8,1,4,4,9,187,0,1,0,Best Match for Role
693,0,Bachelor,0.15,2,1,5,1,3,165,0,1,0,Will Get Interview
694,17,Master,0.08,11,4,2,4,1,166,0,0,3,Best Suited for Role
695,4,HS,0.01,7,2,7,8,10,88,0,1,0,Best Match for Role
696,4,HS,0.13,0,0,1,6,8,93,0,0,0,Will Get Interview
697,0,Bachelor,0.33,1,5,7,1,4,175,0,0,1,Best Match for Role
698,4,HS,0.99,2,0,2,1,4,125,1,0,2,Best Match for Role
699,23,PhD,0.28,1,3,7,1,10,125,1,0,4,Best Suited for Role
700,1,Bachelor,0.68,6,0,1,2,3,43,0,0,2,Best Match for Role
701,6,HS,0.49,3,0,9,7,7,200,0,0,1,Best Match for Role
702,1,HS,0.26,6,5,1,6,1,118,1,0,1,Best Match for Role
703,16,HS,0.06,0,2,6,9,9,83,0,1,1,Best Suited for Role
704,6,Bachelor,0.0,5,2,7,8,1,185,0,1,0,Best Match for Role
705,5,HS,0.26,1,3,1,1,4,137,0,0,1,Will Get Interview
706,2,HS,0.37,2,0,6,3,1,158,0,1,1,Will Get Interview
707,2,HS,0.11,7,2,2,8,7,24,0,0,3,Best Match for Role
708,8,HS,0.16,2,0,5,10,6,153,0,1,2,Best Match for Role
709,5,HS,0.48,0,4,4,2,1,42,0,0,0,Will Get Interview
710,4,HS,0.14,0,4,6,1,1,148,0,0,0,Will Get Interview
711,4,Bachelor,0.03,2,3,2,3,1,63,0,1,0,Will Get Interview
712,4,HS,0.09,1,1,1,1,8,76,0,1,1,Will Get Interview
713,8,HS,0.3,5,6,9,1,7,113,1,1,1,Best Suited for Role
714,1,HS,0.65,1,0,1,8,9,52,1,1,0,Best Match for Role
715,10,HS,0.55,0,0,1,3,1,153,0,1,0,Will Get Interview
716,3,HS,0.01,5,1,5,5,6,20,0,0,0,Will Get Interview
717,1,HS,0.13,11,0,6,2,1,39,0,0,0,Will Get Interview
718,0,HS,0.02,0,2,3,8,9,122,0,0,1,Will Get Interview
719,8,Master,0.59,5,7,7,10,8,23,1,0,4,Best Suited for Role
720,1,Bachelor,0.01,0,0,2,7,1,74,0,1,0,Will Get Interview
721,1,HS,0.38,4,0,5,4,1,136,0,0,0,Will Get Interview
722,1,HS,0.07,1,1,4,3,1,23,0,0,1,Will Get Interview
723,0,HS,0.75,4,2,10,10,3,172,0,0,0,Best Match for Role
724,0,HS,0.04,3,1,1,9,2,72,1,1,0,Will Get Interview
725,2,HS,0.2,1,5,5,1,1,89,0,0,0,Will Get Interview
726,9,Master,0.56,13,0,3,6,2,199,0,1,4,Best Suited for Role
727,2,HS,0.0,1,1,6,6,9,24,0,1,0,Will Get Interview
728,3,HS,0.1,0,3,4,5,7,102,0,1,0,Will Get Interview
729,7,HS,0.49,11,0,2,1,5,36,1,0,0,Best Match for Role
730,0,HS,0.08,2,3,6,1,4,67,0,1,0,Will Get Interview
731,1,HS,0.34,0,2,1,5,3,121,0,1,1,Will Get Interview
732,1,HS,0.13,2,0,4,8,2,73,0,0,1,Will Get Interview
733,1,HS,0.19,0,0,2,6,3,185,1,1,1,Will Get Interview
734,1,HS,0.94,4,2,7,3,7,109,0,0,1,Best Match for Role
735,2,HS,0.02,3,0,5,4,3,36,1,0,0,Will Get Interview
736,4,HS,0.99,1,0,2,2,8,142,0,1,2,Best Match for Role
737,7,HS,0.08,2,2,8,1,2,194,0,1,0,Will Get Interview
738,0,HS,0.23,2,0,4,1,8,104,1,0,4,Best Match for Role
739,6,HS,0.01,1,1,6,5,1,79,0,1,0,Will Get Interview
740,3,HS,0.64,4,0,6,6,9,81,0,0,1,Best Match for Role
741,1,HS,0.05,1,1,2,1,7,161,0,1,2,Will Get Interview
742,23,Bachelor,0.92,10,5,4,7,1,66,0,0,2,Best Suited for Role
743,4,HS,0.06,2,0,5,7,2,149,0,1,0,Will Get Interview
744,1,Bachelor,0.08,9,1,9,1,10,53,0,1,0,Best Match for Role
745,7,PhD,0.59,11,8,4,1,5,157,1,1,3,Best Suited for Role
746,17,HS,0.65,5,2,5,1,5,106,1,1,3,Best Suited for Role
747,0,Bachelor,0.04,0,2,2,1,1,124,0,0,0,Will Get Interview
748,0,HS,0.17,0,0,3,5,4,37,0,0,0,Will Get Interview
749,6,HS,0.21,2,0,2,7,2,108,0,1,0,Will Get Interview
750,6,PhD,0.09,14,5,7,1,10,47,0,1,2,Best Suited for Role
751,5,HS,0.29,0,2,3,5,5,98,0,0,0,Will Get Interview
752,1,Bachelor,0.02,10,1,3,6,6,164,0,0,2,Best Match for Role
753,0,HS,0.57,0,1,1,1,1,182,0,0,0,Will Get Interview
754,3,HS,0.15,1,1,3,1,2,188,0,1,0,Will Get Interview
755,13,Master,0.26,13,5,1,3,6,45,0,0,2,Best Suited for Role
756,1,HS,0.77,7,6,6,1,2,128,0,1,0,Best Match for Role
757,5,HS,0.25,2,1,5,5,3,128,0,1,0,Will Get Interview
758,10,HS,0.86,1,0,5,6,4,65,0,1,1,Best Match for Role
759,0,HS,0.02,7,0,4,2,8,84,0,0,0,Will Get Interview
760,2,Bachelor,0.6,11,4,8,9,9,92,1,0,2,Best Suited for Role
761,3,HS,0.56,0,1,1,3,5,112,0,1,0,Will Get Interview
762,2,HS,0.15,8,0,1,4,1,83,0,0,1,Will Get Interview
763,0,Master,0.14,1,0,1,2,5,112,0,1,0,Will Get Interview
764,10,HS,0.17,5,5,9,3,5,116,0,0,0,Best Match for Role
765,2,HS,0.61,1,6,3,3,5,36,0,0,2,Best Match for Role
766,0,Bachelor,0.15,1,1,2,5,2,166,1,0,0,Will Get Interview
767,2,HS,0.04,6,1,3,4,5,37,0,1,0,Will Get Interview
768,6,HS,0.1,1,4,2,2,6,118,0,1,0,Will Get Interview
769,10,HS,0.1,6,0,2,4,2,87,0,0,0,Will Get Interview
770,0,HS,0.54,2,0,4,2,5,200,0,1,0,Will Get Interview
771,4,PhD,0.23,3,2,3,9,2,121,0,0,0,Best Match for Role
772,5,Bachelor,0.14,1,2,1,5,1,158,0,1,0,Will Get Interview
773,1,HS,0.89,2,0,7,8,2,118,0,1,1,Best Match for Role
774,0,HS,0.27,0,3,2,4,1,121,0,0,1,Will Get Interview
775,7,HS,0.15,0,0,3,5,4,152,0,1,0,Will Get Interview
776,5,HS,0.13,4,0,7,6,1,43,0,0,0,Will Get Interview
777,13,HS,0.09,1,1,1,4,1,187,0,0,0,Will Get Interview
778,4,HS,0.08,1,6,4,4,7,40,1,0,1,Best Match for Role
779,6,HS,0.25,4,7,3,6,2,26,1,1,0,Best Match for Role
780,9,HS,0.0,0,3,3,1,1,154,0,1,0,Will Get Interview
781,0,HS,0.0,1,1,5,5,7,26,0,1,0,Will Get Interview
782,9,Master,0.58,15,4,5,8,8,90,1,1,3,Best Suited for Role
783,1,HS,0.07,6,1,4,2,9,92,0,0,0,Will Get Interview
784,2,HS,0.04,0,1,2,7,1,165,0,0,1,Will Get Interview
785,0,HS,0.27,0,4,8,1,4,125,0,0,0,Will Get Interview
786,11,Bachelor,0.15,3,0,1,6,4,178,0,0,0,Best Match for Role
787,1,PhD,0.24,1,3,4,7,4,29,0,1,0,Best Match for Role
788,5,HS,0.47,0,0,3,8,1,107,0,0,0,Will Get Interview
789,7,HS,0.92,10,2,4,7,10,84,0,0,4,Best Suited for Role
790,4,HS,0.47,2,0,1,2,8,68,0,1,0,Will Get Interview
791,1,HS,0.05,4,4,5,2,6,181,0,0,0,Will Get Interview
792,2,HS,0.54,0,1,3,9,3,88,0,0,0,Will Get Interview
793,2,Master,0.13,1,3,8,9,3,90,0,0,0,Best Match for Role
794,2,Master,0.47,0,3,2,9,1,117,0,1,0,Best Match for Role
795,1,HS,0.21,4,1,1,4,1,124,1,1,0,Will Get Interview
796,0,Bachelor,0.13,12,3,1,1,4,122,0,0,0,Best Match for Role
797,7,HS,0.08,2,3,5,6,5,98,0,0,0,Best Match for Role
798,2,HS,0.04,2,6,1,4,2,195,1,0,3,Best Match for Role
799,0,HS,0.12,1,0,5,7,1,172,0,1,0,Will Get Interview
800,2,HS,0.04,1,0,2,10,7,24,0,1,0,Will Get Interview
801,4,Bachelor,0.34,3,1,8,3,7,102,0,1,1,Best Match for Role
802,1,HS,0.14,3,1,3,9,2,173,0,0,1,Will Get Interview
803,3,Bachelor,0.16,1,5,2,2,2,170,0,1,2,Best Match for Role
804,4,HS,0.15,4,0,1,10,3,159,0,0,0,Will Get Interview
805,6,HS,0.05,0,4,3,3,6,194,0,1,0,Will Get Interview
806,5,HS,0.04,2,2,1,3,9,96,0,1,0,Will Get Interview
807,1,HS,0.17,1,1,2,9,1,132,0,0,0,Will Get Interview
808,9,HS,0.32,12,2,2,7,2,124,0,1,0,Best Match for Role
809,23,Bachelor,0.56,1,1,5,2,3,83,0,1,4,Best Suited for Role
810,1,PhD,0.11,11,7,3,1,4,109,1,0,2,Best Suited for Role
811,15,HS,0.39,2,0,8,3,1,78,1,1,0,Best Match for Role
812,1,HS,0.18,2,0,2,3,4,108,0,1,2,Will Get Interview
813,26,Bachelor,0.24,15,0,6,8,7,153,1,1,1,Best Suited for Role
814,1,HS,0.77,9,0,5,5,2,42,0,0,0,Best Match for Role
815,4,HS,0.02,1,0,3,5,5,160,1,1,0,Will Get Interview
816,0,HS,0.18,2,1,2,3,2,104,0,0,2,Will Get Interview
817,2,HS,0.63,0,0,1,2,1,73,0,1,0,Will Get Interview
818,14,Bachelor,0.01,8,1,3,2,4,66,0,1,3,Best Suited for Role
819,9,HS,0.55,0,5,9,4,2,119,0,1,0,Best Match for Role
820,8,HS,0.0,1,2,4,3,4,164,0,0,0,Will Get Interview
821,5,HS,0.08,0,4,2,1,7,73,0,1,0,Will Get Interview
822,9,Master,0.83,4,1,1,2,4,109,1,1,0,Best Suited for Role
823,1,HS,0.23,6,1,1,4,1,96,0,0,0,Will Get Interview
824,2,PhD,0.66,6,5,2,10,8,140,0,1,4,Best Suited for Role
825,2,HS,0.06,2,2,10,4,2,67,0,0,0,Will Get Interview
826,6,HS,0.54,0,1,3,2,1,136,0,0,0,Will Get Interview
827,19,Master,0.99,9,7,2,5,6,99,1,0,2,Best Suited for Role
828,0,HS,0.51,1,1,3,2,9,166,0,0,0,Will Get Interview
829,10,HS,0.11,2,0,6,3,1,92,0,1,0,Will Get Interview
830,3,HS,0.01,3,3,3,1,3,149,1,0,0,Will Get Interview
831,7,HS,0.16,1,3,1,2,5,80,0,1,0,Will Get Interview
832,0,HS,0.03,1,1,5,1,8,178,0,1,0,Will Get Interview
833,5,HS,0.14,0,3,3,5,2,107,0,0,1,Will Get Interview
834,3,HS,0.24,1,2,4,1,10,193,0,0,0,Will Get Interview
835,4,HS,0.17,1,3,2,1,3,120,0,1,1,Will Get Interview
836,7,HS,0.0,2,0,4,10,1,191,0,1,0,Will Get Interview
837,0,HS,0.3,0,1,5,1,3,103,0,0,0,Will Get Interview
838,3,Bachelor,0.06,0,1,7,3,1,187,0,1,0,Will Get Interview
839,12,Bachelor,0.43,0,2,5,10,5,174,0,0,0,Best Match for Role
840,11,HS,0.6,1,3,3,2,5,26,0,1,0,Best Match for Role
841,18,PhD,0.9,12,3,9,5,6,176,1,0,3,Best Suited for Role
842,22,Bachelor,0.81,8,5,4,2,2,76,1,0,4,Best Suited for Role
843,4,HS,0.12,3,1,2,1,2,26,0,0,1,Will Get Interview
844,1,HS,0.32,3,3,5,7,2,106,0,0,3,Best Match for Role
845,2,HS,0.02,3,2,1,8,7,37,0,1,0,Will Get Interview
846,0,Bachelor,0.1,0,1,4,5,4,104,0,1,0,Will Get Interview
847,1,Bachelor,0.01,1,3,1,1,1,137,0,1,0,Will Get Interview
848,2,HS,0.07,3,5,1,3,1,106,0,1,1,Will Get Interview
849,3,HS,0.38,10,3,6,6,3,191,0,1,1,Best Suited for Role
850,3,HS,0.14,3,0,4,2,2,29,1,0,0,Will Get Interview
851,12,HS,0.38,5,7,1,2,1,120,0,0,1,Best Match for Role
852,6,HS,0.22,1,5,9,4,10,194,0,1,0,Best Match for Role
853,5,HS,0.07,0,1,1,4,5,188,0,1,0,Will Get Interview
854,3,HS,0.04,2,1,5,10,3,72,0,1,0,Will Get Interview
855,0,HS,0.1,2,2,2,10,9,170,1,0,2,Best Match for Role
856,6,HS,0.21,2,1,2,2,2,153,1,1,3,Best Match for Role
857,5,HS,0.22,0,1,2,3,5,144,0,1,0,Will Get Interview
858,11,Bachelor,0.02,4,1,3,1,1,80,0,1,1,Best Match for Role
859,3,HS,0.38,1,0,5,3,5,174,0,0,0,Will Get Interview
860,2,HS,0.03,1,6,5,1,5,137,0,0,0,Will Get Interview
861,0,HS,0.22,4,0,2,1,3,84,1,1,0,Will Get Interview
862,7,HS,0.79,4,5,2,2,1,186,0,1,1,Best Match for Role
863,4,HS,0.12,1,0,5,3,5,193,0,1,1,Will Get Interview
864,0,HS,0.06,1,0,10,7,6,145,0,0,0,Will Get Interview
865,2,HS,0.44,2,2,3,1,5,30,0,0,0,Will Get Interview
866,5,Bachelor,0.25,0,2,2,5,1,196,0,0,0,Will Get Interview
867,1,HS,0.15,0,2,5,10,1,191,0,0,0,Will Get Interview
868,2,HS,0.06,1,3,6,8,1,85,0,1,0,Will Get Interview
869,18,Bachelor,0.7,15,2,2,3,4,23,0,0,4,Best Suited for Role
870,0,HS,0.14,4,3,5,2,2,125,0,1,0,Will Get Interview
871,4,HS,0.07,2,0,3,1,10,188,0,0,1,Will Get Interview
872,16,Master,0.54,9,7,3,3,8,185,0,1,0,Best Suited for Role
873,14,HS,0.04,12,6,4,4,3,144,0,0,1,Best Suited for Role
874,2,HS,0.09,0,2,1,8,4,158,1,0,0,Will Get Interview
875,2,HS,0.07,4,0,4,1,3,78,0,1,1,Will Get Interview
876,23,PhD,0.08,13,8,3,10,8,37,0,1,4,Best Suited for Role
877,5,HS,0.01,0,2,3,2,8,175,0,0,0,Will Get Interview
878,11,HS,0.12,0,3,5,1,1,181,0,1,0,Will Get Interview
879,26,HS,0.57,12,3,5,6,2,170,1,0,3,Best Suited for Role
880,10,HS,0.0,0,1,4,8,1,39,0,1,1,Best Match for Role
881,22,Master,0.39,13,6,10,1,10,71,1,1,3,Best Suited for Role
882,4,HS,0.36,0,2,7,1,8,152,0,0,3,Best Match for Role
883,3,HS,0.25,2,1,4,9,1,156,0,1,0,Will Get Interview
884,4,Bachelor,0.06,4,0,1,4,1,56,0,0,1,Will Get Interview
885,4,Bachelor,0.15,0,0,5,1,5,78,0,1,0,Will Get Interview
886,0,Bachelor,0.3,15,1,4,1,2,78,1,0,0,Best Match for Role
887,0,HS,0.42,2,2,4,10,10,153,0,1,1,Best Match for Role
888,30,Master,0.95,3,7,4,2,7,57,0,0,4,Best Suited for Role
889,12,HS,0.16,6,3,7,1,1,30,0,0,1,Best Match for Role
890,11,Bachelor,0.96,3,5,9,6,1,124,0,0,4,Best Suited for Role
891,5,HS,0.42,4,5,6,10,2,148,0,0,4,Best Suited for Role
892,6,HS,0.18,3,1,3,1,4,98,0,1,0,Will Get Interview
893,2,HS,0.11,4,2,4,1,2,188,0,1,1,Will Get Interview
894,1,HS,0.13,5,4,1,9,7,99,1,0,1,Best Match for Role
895,12,HS,0.12,1,0,3,1,6,181,0,0,0,Will Get Interview
896,0,HS,0.43,10,0,3,9,5,75,1,0,0,Best Match for Role
897,7,HS,0.06,3,4,2,4,1,169,0,0,0,Will Get Interview
898,3,Bachelor,0.3,3,0,2,2,1,82,0,1,0,Will Get Interview
899,14,PhD,0.44,6,0,8,10,5,65,0,1,4,Best Suited for Role
900,2,HS,0.04,9,0,1,4,2,180,0,0,1,Will Get Interview
901,4,HS,0.27,3,3,10,5,5,54,0,0,2,Best Match for Role
902,14,HS,0.33,8,2,5,1,2,120,0,0,1,Best Match for Role
903,2,HS,0.44,0,1,6,4,2,157,0,0,0,Will Get Interview
904,12,HS,0.05,0,0,1,9,3,195,0,1,0,Will Get Interview
905,9,Bachelor,0.14,4,0,1,1,2,34,0,0,1,Best Match for Role
906,7,HS,0.08,7,8,1,4,7,162,0,1,0,Best Match for Role
907,1,Bachelor,0.29,0,3,4,7,5,141,0,0,3,Best Match for Role
908,1,Master,0.13,5,2,1,4,6,24,0,0,0,Best Match for Role
909,10,Master,0.98,6,5,1,7,9,113,0,1,3,Best Suited for Role
910,18,Bachelor,0.61,10,8,7,5,6,156,1,1,0,Best Suited for Role
911,3,HS,0.78,2,4,5,7,4,99,1,0,0,Best Match for Role
912,8,Bachelor,0.55,9,5,8,9,6,113,1,0,4,Best Suited for Role
913,0,HS,0.2,8,3,2,4,1,52,0,0,0,Will Get Interview
914,2,HS,0.2,4,0,1,2,2,102,0,1,0,Will Get Interview
915,1,Bachelor,0.29,2,6,4,8,2,61,1,0,0,Best Match for Role
916,2,HS,0.15,7,2,4,3,3,46,0,0,0,Will Get Interview
917,2,HS,0.21,2,3,7,5,3,171,0,0,0,Will Get Interview
918,0,HS,0.19,2,4,3,7,1,150,0,0,0,Will Get Interview
919,28,Bachelor,0.64,9,3,5,4,9,51,1,1,3,Best Suited for Role
920,8,Bachelor,0.62,5,1,7,2,1,180,0,0,0,Best Match for Role
921,6,HS,0.3,1,1,1,4,3,34,0,0,0,Will Get Interview
922,0,HS,0.02,6,0,6,1,3,198,0,1,0,Will Get Interview
923,2,HS,0.74,1,8,3,9,4,35,0,0,0,Best Match for Role
924,0,HS,0.27,1,0,4,3,1,117,0,0,0,Will Get Interview
925,12,HS,0.01,1,1,6,4,1,33,0,0,0,Will Get Interview
926,28,Master,0.94,0,8,8,8,6,41,0,0,4,Best Suited for Role
927,5,HS,0.04,4,6,2,2,2,191,0,0,0,Will Get Interview
928,0,HS,0.05,15,8,2,1,2,160,0,0,1,Best Match for Role
929,3,Bachelor,0.18,0,1,9,2,7,171,0,1,1,Best Match for Role
930,2,HS,0.46,5,0,9,5,1,82,0,0,1,Best Match for Role
931,18,HS,0.25,0,8,8,9,1,90,0,0,4,Best Suited for Role
932,10,HS,0.38,6,6,7,3,2,165,0,0,0,Best Match for Role
933,7,HS,0.04,4,0,6,2,2,49,0,1,0,Will Get Interview
934,8,HS,0.23,7,2,3,6,3,141,0,1,1,Best Match for Role
935,3,HS,0.03,5,2,1,3,2,115,0,1,0,Will Get Interview
936,2,HS,0.0,0,3,2,1,1,51,1,1,1,Will Get Interview
937,3,PhD,0.16,5,7,7,8,3,94,0,1,4,Best Suited for Role
938,3,Bachelor,0.06,0,1,1,9,1,125,0,0,1,Will Get Interview
939,8,Bachelor,0.28,3,6,4,2,4,131,0,1,0,Best Match for Role
940,0,HS,0.1,1,3,4,3,3,168,0,0,1,Will Get Interview
941,4,HS,0.89,0,5,6,3,1,25,1,0,0,Best Match for Role
942,11,HS,0.09,8,1,4,7,3,70,0,1,0,Best Match for Role
943,20,Bachelor,0.02,4,5,1,1,3,135,0,0,0,Best Match for Role
944,2,HS,0.12,1,0,5,2,7,108,0,0,0,Will Get Interview
945,13,HS,0.14,5,3,8,1,5,169,0,0,1,Best Match for Role
946,1,HS,0.44,8,2,8,1,5,192,0,0,1,Best Match for Role
947,4,HS,0.01,3,0,3,6,4,130,1,0,0,Will Get Interview
948,3,HS,0.48,6,0,6,6,1,75,0,1,0,Best Match for Role
949,1,HS,0.44,2,4,2,10,4,100,1,1,1,Best Match for Role
950,4,HS,0.14,0,2,7,4,7,135,0,0,0,Will Get Interview
951,1,HS,0.02,1,1,7,4,1,144,0,0,1,Will Get Interview
952,1,HS,0.16,2,1,8,3,6,166,0,1,0,Will Get Interview
953,6,HS,0.15,4,0,1,10,3,149,0,0,0,Will Get Interview
954,7,HS,0.05,0,0,5,9,3,109,0,1,0,Will Get Interview
955,12,HS,0.03,1,1,1,7,8,74,0,0,0,Best Match for Role
956,0,Bachelor,0.04,5,0,2,3,2,115,0,0,1,Will Get Interview
957,8,HS,0.51,0,5,4,7,8,128,0,0,1,Best Match for Role
958,8,HS,0.13,1,0,3,8,6,169,1,0,0,Best Match for Role
959,13,HS,0.24,0,3,3,1,3,127,1,0,1,Best Match for Role
960,4,HS,0.07,6,0,4,1,1,113,0,0,0,Will Get Interview
961,5,HS,0.68,3,3,2,5,3,22,1,0,1,Best Match for Role
962,1,HS,0.26,12,5,6,3,1,63,0,0,0,Best Match for Role
963,4,HS,0.07,4,1,5,9,1,74,0,0,0,Will Get Interview
964,0,HS,0.01,0,2,4,9,5,197,1,0,0,Will Get Interview
965,0,HS,0.37,3,2,5,9,2,171,0,0,2,Best Match for Role
966,10,PhD,0.61,7,5,4,9,1,69,0,1,3,Best Suited for Role
967,0,HS,0.65,0,0,1,2,1,132,0,1,2,Will Get Interview
968,10,Master,0.74,15,5,6,10,10,185,1,1,0,Best Suited for Role
969,0,HS,0.08,0,1,4,3,9,191,0,1,0,Will Get Interview
970,7,HS,0.0,3,1,1,3,4,82,1,0,0,Will Get Interview
971,10,HS,0.99,1,4,2,1,1,82,1,1,0,Best Match for Role
972,1,HS,0.15,8,1,1,2,8,182,0,0,0,Will Get Interview
973,4,HS,0.27,1,2,2,7,1,181,0,0,0,Will Get Interview
974,0,HS,0.32,0,5,1,4,2,50,0,1,0,Will Get Interview
975,0,HS,0.49,6,3,7,7,5,144,0,0,1,Best Match for Role
976,5,HS,0.02,1,0,1,1,5,65,1,1,0,Will Get Interview
977,5,HS,0.58,1,4,2,3,1,58,0,0,2,Best Match for Role
978,3,HS,0.34,0,0,1,8,3,31,1,0,0,Will Get Interview
979,8,HS,0.81,5,8,9,2,8,196,1,1,4,Best Suited for Role
980,22,Bachelor,0.76,14,5,4,9,10,169,0,1,0,Best Suited for Role
981,1,HS,0.14,0,3,8,7,1,63,1,1,1,Best Match for Role
982,10,HS,0.14,0,0,1,3,5,115,0,0,0,Will Get Interview
983,0,HS,0.15,2,1,1,8,7,41,0,0,0,Will Get Interview
984,7,HS,0.08,1,0,3,9,2,194,0,0,2,Best Match for Role
985,4,Bachelor,0.14,1,2,1,5,2,118,0,1,0,Will Get Interview
986,1,HS,0.03,6,3,9,6,1,54,0,1,3,Best Match for Role
987,0,HS,0.83,4,2,4,1,5,188,0,1,2,Best Match for Role
988,16,HS,0.47,15,2,2,6,4,131,1,0,1,Best Suited for Role
989,1,Master,0.11,1,0,1,1,4,193,0,0,0,Will Get Interview
990,1,Bachelor,0.51,6,5,2,6,5,148,0,0,0,Best Match for Role
991,0,HS,0.68,4,0,4,1,3,73,0,1,0,Will Get Interview
992,10,Master,0.71,9,5,9,8,10,35,0,1,0,Best Suited for Role
993,0,HS,0.14,7,0,8,2,2,135,0,1,0,Will Get Interview
994,2,Bachelor,0.26,4,3,4,2,10,106,0,1,2,Best Suited for Role
995,2,HS,0.11,0,4,7,2,1,181,0,1,0,Will Get Interview
996,2,HS,0.52,3,1,1,4,4,87,0,1,0,Will Get Interview
997,9,HS,0.22,3,3,4,9,4,49,1,0,0,Best Match for Role
998,30,Bachelor,0.48,11,0,4,2,1,94,0,1,0,Best Suited for Role
999,0,Bachelor,0.03,5,1,1,2,1,106,0,0,1,Will Get Interview
1000,1,HS,0.22,0,0,3,4,9,193,0,1,1,Will Get Interview
